name,old_price,new_price,promotion,reviews_amount,reviews_rating_number
Café Camilo Gourmet Torrado E Moído 500g,37,,,(39),4.7
Café Grãos Torrado 1 Kg Blend 100% Arábica Gourmet Artesanal,99,91,8% OFF,(144),4.7
Café em Grao Torrado Expresso Arábica Torra Escura Grãos 1kg Gourmet Cafe Italle,99,79,20% OFF,(2171),4.5
Café Gourmet Torrado/moido 100% Árabica Aromas Baggio 250gr Aroma Chocolate Com Avelã,35,,,(807),4.9
Café Torrado E Moído Gourmet Sul De Minas 250g 3 Corações,39,28,28% OFF,(769),4.8
Café Subasio Gourmet 500gr Grãos Torra Média Clara,58,,,(8),5.0
Café Em Pó Saborizado Canela 250g 100% Arábica Gourmet,38,,,(46),4.5
Café Em Grãos Helena 1kg 100% Arábica,97,,,(1059),4.7
Café Torrado e Moído Chocolate com Menta Baggio Pacote 250g,36,33,8% OFF,(758),4.8
Kit 3 Cafés 250g Baggio Café Torrado E Moído,99,,,(69),4.9
"1kg Café Torrado Em Grãos Torra Média Gourmet Selecionado 100% Arábica - Origem Pequenos Produtores, Sul de Minas.",122,90,26% OFF,(161),4.7
Café Em Pó Sabor Chocolate 250g 100% Arábica Aromatizado,38,,,(4),4.0
Café Casa Brasil Gourmet 250g 100% Arábica Alta Mogiana,33,31,7% OFF,(15),3.6
Café Gourmet Torrado E Moido Baggio Torra Media Pcte 250gr Intensidade 9,38,,,(445),4.8
Kit Café Gourmet Baggio Chocolate Com Avelã+trufado+caramelo,133,127,5% OFF,(296),4.9
Café Gourmet Massimo Segafredo Zanetti 500 G Em Grãos,78,,,(2),4.5
1 Kg Café Gourmet Em Grão Ouro Da Mogiana,114,,,(677),4.7
Café Especial 82 pontos Santa Monica Em Grãos 100% Arábica - 1kg,144,98,32% OFF,(542),4.8
3 Corações Gourmet café torrado em grãos 500gr,57,,,(30),4.7
Café Aromatizado Amêndoas Torradas - Café Floresta - 100gr,22,,,(32),4.8
Baggio Bourbon Espresso Grão 500g,117,77,34% OFF,(113),4.9
Café Gourmet Appassionato Em Grãos Caramelo 100% Arábica 1kg,99,91,8% OFF,(130),4.8
Café Torrado E Moído Gourmet Cerrado Mineiro 250g 3 Corações,30,,,(521),4.8
Café torrado e moído gourmet mogiana paulista 250g 3 Corações,37,31,13% OFF,(450),4.8
2 Cafés Torrados Moídos 100% Arábica Da Mantiqueira Mineira,120,30,,(12),5.0
Drip Coffee Santa Monica Gourmet 10 Sachês -,27,,,(46),4.5
Café Torrado e Moído Caramelo Baggio Pacote 250g,36,33,7% OFF,(573),4.8
Café Torrado Moído Aroma Chocolate Trufado Capresso 250g,32,16,,(4),3.0
Café moído Bem Te Vi - Café Mineiro Gourmet Torra Média 100% Arábica em pacote 500g 500 g,64,43,33% OFF,(169),4.6
Café Torrado em Grãos Bravo Café Gourmet Pacote 1kg,97,,,(104),4.8
Café Em Grão Constantino Especial - 1kg Gourmet 100% Arábica,114,,,(230),4.7
Café em Grãos 3 Corações Expresso Gourmet Torrado Pacote 1 kg,154,133,13% OFF,(6),4.7
Café Torrado E Moído Dark Roast Gourmet 250g 3 Corações,37,32,12% OFF,(238),4.9
Café Gourmet Top Torrado Em Grãos Notas De Chocolate 1 K,99,,,(193),4.8
Café Torrado e Moído Gourmet Espresso Baggio 250g,61,38,36% OFF,(352),4.8
Café Gourmet Em Grãos Torra Italiana 1 Kg - Santa Mônica,146,,,(131),4.7
Café Torrado e Moído Sul de Minas Melitta Gourmet Regiões Brasileiras Pacote 250g,34,30,12% OFF,(59),4.7
1kg Café Torrado Em Grãos 100% Arábica Gourmet Baixa Mogiana,109,101,7% OFF,(11),5.0
Café Em Grão Torrado Espresso Gourmet Tres Corações 1kg,147,134,8% OFF,(38),4.7
Café Torrado em Grãos Espresso Santa Lúcia Pacote 1kg,96,,,(223),4.6
Café Torrado e Moído Café Odebrecht Gourmet Caixa 500g,59,43,28% OFF,(146),4.2
Café Torrado e Moído Equilibrado L'or Torras Gourmet Sachê 250g,39,31,21% OFF,(55),5.0
1kg Café Gourmet em Grãos Torrado Vô Luiz 100% Arábica,99,,,(47),4.7
Café Em Grãos Gourmet América 100% Arabica 1kg,125,,,(406),4.8
Café Camilo Gourmet Torrado E Moído 500g,37,,,(39),4.7
1kg Café Gourmet Grãos 100% Arabica Direto Do Produtor Minas,117,91,22% OFF,(485),4.6
Café Gourmet Torrado Em Grãos Appassionato 250g,28,,,(22),4.7
Café Gourmet 100% Arábica Torrado Moído São Sebastião 500g ,42,21,,(27),4.9
Café Gourmet Em Grãos Reserva Gourmet Sabor Bourbon 2 Pct,136,112,17% OFF,(25),4.6
1kg Café Em Grãos Gourmet Selecionado Torra Média. Sul De Mg,121,92,24% OFF,(51),4.7
Café Em Grãos Gourmet América 100% Arabica 500g,59,,,(167),4.7
Café Helena Gourmet Torrado Em Grãos - 10 Kgs,998,96,,,
Kit 2 Café Tradicional 500g Pó Arábica Moído - Gomes E Bueno,98,78,20% OFF,(2),5.0
Café Vulcânica Gourmet 500g - Notas De Caramelo -seleção 82+,74,,,(8),4.9
Café Torrado em Grãos Espresso Forza L'or Gourmet Pacote 500g,113,,,(259),4.8
Café Em Grão Espresso Gourmet 1kg 100% Arábico - Coffshore,78,,,,
Café Torrado e Moído Dark Roast Gourmet 500g 3 Corações,65,,,(14),5.0
Kit 5kg Cafe Gourmet Em Graos 100% Arábica São Sebastião,514,51,,(60),4.7
Café Especial Torrado em Grãos Clássico Orfeu Pacote 1kg,187,112,39% OFF,(1101),4.8
Café Individual Gourmet Santa Monica Drip Coffee 10 Sachês,49,32,35% OFF,(48),4.7
"Kit Café Especial Em Grãos, 3 Sabores, 3 Pct De 200g,",94,77,17% OFF,(23),4.4
Café Gourmet Vó Liani 500g Torrado E Moído Torra Média,49,45,7% OFF,(24),4.3
Kit 3kg Café Especial Dupan Em Grãos Arábica Gourmet,309,285,7% OFF,(2),5.0
"Kit Café Gourmet Moído São Sebastião 2,5kg",236,23,,(38),4.9
Café Gourmet 20 Cápsulas Nespresso - Santa Monica,59,,,(2),5.0
Café torrado em grãos espresso 3 Corações Gourmet pacote 1kg,157,144,7% OFF,(166),4.8
Kit 2 Café Gourmet Appassionato Médio Em Grão Expresso 1kg,210,,,(50),4.7
Café em Grao Torrado Expresso Arábica Torra Escura Grãos 1kg Gourmet Cafe Italle,99,79,20% OFF,(2171),4.5
Café Camilo Gourmet Torrado E Moído 500g,37,,,(39),4.7
Café Gourmet Torrado E Moído Pó Aroma De Coco Capresso 250g,32,16,,(3),5.0
Cafe Gourmet Ouro Da Mogiana Torrado E Moído 500g,48,24,,(48),4.8
Café Floresta Aromatizado Trufas de Chocolate 100g,22,,,(7),5.0
Café Especial Região Mogiana Moído 250g,32,,,(5),4.0
Café Grãos Torrado 1 Kg Blend 100% Arábica Gourmet Artesanal,99,91,8% OFF,(144),4.7
Café Toledo Gourmet Torrado Em Grãos 1kg,98,,,(17),4.8
Café Torrado Em Grãos 100% Arábica 1kg Gourmet - Café Bororó,99,76,23% OFF,(40),4.9
Café Torrado Arábica Em Grãos 1kg Gourmet Sul De Minas,118,93,21% OFF,(179),4.5
Kit 5kg Café Em Grãos Gourmet América,549,55,,(62),4.8
Café Em Grãos Bialetti Roma Torragem Média 1 Kg,129,,,(42),4.8
Café Especial Camilo Gourmet 250g,24,,,(10),4.3
Café Moído Torra Média Bem Te Vi Gourmet Selecionado 100% Arábica em pacote 250g - Sul de Minas.,27,25,8% OFF,(73),4.2
Café em grão Supremo Arábica Gourmet 1 kg,89,17,,(1),5.0
Café Baggio Gourmet Espresso Em Graos 500gr -,77,,,(22),4.6
Kit 3 Kg Café Gourmet Em Grão Ouro Da Mogiana,359,,,(20),4.7
Café Casa Brasil Gourmet 500g 100% Arábica Alta Mogiana,59,55,7% OFF,(27),4.3
Café Drip Coffee Mata De Minas 10 Unidades 10g 3 Corações,29,,,,
Café Torrado E Moído Vácuo América Gourmet 500g,53,,,(37),4.3
Café Gourmet Appassionato Em Grãos 100% Arábica - 1kg,112,94,16% OFF,(200),4.7
Café Torrado E Moído Pó Aroma Chocolate Avelã Capresso 250g,32,16,,,
Kit 4 Café Gourmet Torrado E Moido Pó Appassionato 250g,94,86,8% OFF,(10),4.6
Café Torrado Em Grãos Terrazu Gourmet 1kg Torra Média Promo,99,,,(373),4.7
Café Orfeu Descafeinado Grãos 100% Arábica Torra Escura 250g,69,58,15% OFF,(14),4.4
Café Gourmet Torrado Em Grãos Terrazu 1kg Torra Média,98,,,(42),4.8
Ituano gourmet 1kg espresso,92,18,,(1),5.0
500g Café Torrado Moído 100% Arábica Gourmet Baixa Mogiana,49,45,7% OFF,(67),4.1
Café Gold Valle - Gourmet 100% Arábico Grãos 1 Kg.,108,99,8% OFF,(43),4.7
Café Gourmet Torrado Moído Aroma Vanilla Nozes Capresso 250g,32,16,,(5),4.0
Café Torrado e Moído Intenso L'or Torras Gourmet Sachê 250g,37,,,(40),4.9
Café Tenor Moído 500g  Bravo Café,42,,,,
Café Baobá Gourmet Em Grãos 1kg,137,,,(1),4.0
Café Notas De Chocolate Gourmet Grãos Torra Média Alta 1 Kg,99,,,(280),4.7
Café Especial Torrado em Grãos Clássico Orfeu Pacote 1kg,187,112,39% OFF,(1101),4.8
Kit Café Rigno Intenso Torrado E Moído 100% Arábica - 4x250g,169,155,8% OFF,,
Café Utam Em Grãos Espresso Crema 100% Árabica 1kg Original,99,,,(99),4.5
Café Torrado Moído Mogiana Melitta Regiões Brasileiras 250g,35,,,(146),4.7
Café Acima Do Gourmet Especial Tipo Exportação 1 Kg Grãos,128,,,(45),4.8
Café Em Pó Gourmet Dark Roast 3 Corações 250g,32,,,(11),5.0
Cafe Em Grão 01 Kg 100% Arábica Gourmet Especial Torra Média,99,91,7% OFF,(36),4.8
Café Em Grão Torrado Gourmet 100% Arabica 500 Gramas,109,82,25% OFF,,
1kg Café Gourmet Torra Média 100% Arábica Alta Mogiana ,189,108,43% OFF,(184),4.7
Kit 2 Café Tradicional 500g Pó Arábica Moído - Gomes E Bueno,98,78,20% OFF,(2),5.0
Café Vulcânica Gourmet 500g - Notas De Caramelo -seleção 82+,74,,,(8),4.9
Santa Monica Café Moído Torra Italiana 500g,60,,,(65),4.6
Café Em Grãos Torrado 500g Blend 100% Arábica Gourmet,62,51,16% OFF,(6),4.8
Café Torrado Grãos 100% Arábica Gourmet 1kg Especial Promo,97,,,(87),4.7
Kit 5kg Cafe Gourmet Em Graos 100% Arábica São Sebastião,514,51,,(60),4.7
Café Especial Torrado em Grãos Clássico Orfeu Pacote 1kg,187,112,39% OFF,(1101),4.8
Café Gourmet Em Grãos Torra Clara 250g Guardião 100% Conilon,78,41,47% OFF,,
Café Torrado E Moído Mogiana Paulista Gourmet 3 Corações Pac,32,,,(36),4.6
Café ESPRESSO Gourmet Torrado em Grãos Prima Qualità 1kg,162,,,(109),4.8
Kit 3kg Café Especial Dupan Em Grãos Arábica Gourmet,309,285,7% OFF,(2),5.0
"Kit Café Gourmet Moído São Sebastião 2,5kg",236,23,,(38),4.9
Café Gourmet Direto Da Fazenda Expresso 1kg Torrado Em Grãos,98,,,(259),4.6
"Kit Café Gourmet Moído São Sebastião 2,5kg",236,23,,(38),4.9
Café Torrado e Moído Baggio Caffé.com Premium Pacote 250g,61,37,38% OFF,(302),4.8
Café Camilo Gourmet Torrado E Moído 500g,37,,,(39),4.7
Café Muchoqueiro Gourmet 100% Arábica Torrado Moído,50,,,(1),4.0
Café Em Pó Sabor Laranja 250g 100% Arábica Coar Prensa Moka,42,,,(2),5.0
Café Torrado e Moído a Vácuo Café Toledo Gourmet Pacote 250g,31,,,(7),5.0
Café Torrado e Moído Delicado L'or Torras Gourmet Sachê 250g,37,,,(56),4.8
Artesanatto - Café Torrado E Moído 1kg Direto Produtor,109,,,(7),4.6
Café em Grão Torra Média/Clara Café Caconde Gourmet Expresso 100% Arábica em Pacote de 1kg,114,,,(25),4.7
Café Toledo Gourmet Torra E Moído A Vàcuo 500g,45,,,(25),4.8
Café Gourmet Torrado E Moido Pó Appassionato 250g,28,26,7% OFF,(18),4.2
Café Torrado e Moído Chocolate Trufado Baggio Pacote 250g,38,,,(2425),4.8
Café Tradicional 500g Em Pó Arábica Moído Gomes E Bueno,49,42,13% OFF,(6),3.2
Café Gourmet Ouro Da Mogiana 500g Em Grãos Ou Moagem,61,,,(9),4.8
Kit 4 Kg Café Gourmet Em Grão Ouro Da Mogiana - Frete Grátis,454,418,7% OFF,(23),5.0
Cafe Em Grao Espresso Torrado Gourmet 100% Arabica 1 Kg,108,,,(3),3.7
2kg - Café Vo Luiz Gourmet Grao 100% Arábica Frete Gratis,189,,,(19),4.9
Café Torrado E Moído Baggio Chocolate Trufado 250g,38,,,(63),4.8
Café Vó Liani Torrado Moído Média Grossa P/ Prensa Francesa,77,,,,
Kit 2 Café Torrado E Moído L'or Ultimo Gourmet Pouch 250g,67,,,,
Café Especial Em Grãos Sabores 1 Pct De 500g Torra Fresca,64,57,10% OFF,(3),5.0
Cafe Especial Gourmet Torra Media Em Grãos 1kg Arabica,114,,,(39),4.7
Café Gourmet Bialetti Roma Em Grãos Torra Média 1kg Arábica,142,128,10% OFF,,
Café Torrado E Moído Espressiata Tradicional Gourmet 500g,56,,,(1),5.0
Café Sendeski 100% Arábica Especial Intenso Moído 250g,49,39,20% OFF,,
Café Expresso Em Grãos Delta Café Gold Gourmet Kit 2kg,238,215,10% OFF,(5),5.0
Café Fraterno Gourmet Torrado E Moído 100% Arábica 500g,69,13,,,
"Café Verde Beneficiado Bourbon Amarelo Loretto 86,25 Pontos",109,,,(61),4.6
Café Torrado Moído 100% Arábica Gourmet Espressiata 500g,56,,,(4),4.0
Cafe Em Grãos Espressione Suave 500g Gourmet,61,,,(5),4.8
Café Em Grãos Utam Crema 100% Arábica Gourmet 1kg,99,,,(19),4.3
Kit 4 Cafés Gourmet Moido Appassionato Moderato Arábica 250g,98,90,7% OFF,(27),4.7
3kg Café Vô Luiz- Gourmet - Grão 100% Arábica - Frete Grátis,272,26,,(93),4.8
1 Kg Café Vô Luiz Intenso Grão Arabica Gourmet Frete Grátis,99,,,(34),4.7
Café Gourmet Especial Torrado Em Graos Appassionato 250g,24,,,(30),4.7
Café Gourmet Moído São Sebastião 500g,46,,,(180),4.7
"Reserva Gourmet Espresso Café em Grãos 3 Pct de 500gr Sabores Bourbon, Cereja Descascado e Intense",192,169,11% OFF,(61),4.8
Café Em Grãos Arábica Gourmet Especial 86 Pontos Safra Atual,108,,,(23),4.9
Café Torrado Em Grãos Loretto Gourmet 500gr Torra Média,59,,,(22),4.9
Café moído Café Mineiro Torrado em sacola 250g,24,,,,
Café Gourmet Torra Média 100% Arábica Alta Mogiana 500g,78,57,27% OFF,(103),4.7
Kit 4 Café Gourmet Torrado Em Grãos Appassionato 250g,98,,,(86),4.9
Kit 10kg Café América Em Grãos Gourmet ,999,83,,(8),4.8
Café Santa Lucia Grão 1kg,123,110,10% OFF,,
Kit 3kg Café Especial Dupan Em Grãos Arábica Gourmet,309,285,7% OFF,(2),5.0
Kit 2 Café Tradicional 500g Pó Arábica Moído - Gomes E Bueno,98,78,20% OFF,(2),5.0
Café Vulcânica Gourmet 500g - Notas De Caramelo -seleção 82+,74,,,(8),4.9
Café Toledo Gourmet Torrado E Moído A Vàcuo 500g Especial,45,,,(16),4.8
Kit 2 Café Em Pó Saborizado Canela 250g 100% Arábica Gourmet,74,,,(4),4.0
3kg Café Vô Luiz Gourmet- Intenso -grão Torrado-100% Arábica,272,26,,(5),5.0
Kit 5kg Cafe Gourmet Em Graos 100% Arábica São Sebastião,514,51,,(60),4.7
Café Especial Torrado em Grãos Clássico Orfeu Pacote 1kg,187,112,39% OFF,(1101),4.8
Café Em Pó Lor Torrado Gourmet Delicado 250g,39,32,18% OFF,(32),4.9
Café Torrado Em Grãos Prima Qualità Gourmet Pacote 500g,74,,,(14),5.0
2 Kg Café Gourmet Em Grão Ouro Da Mogiana,249,229,7% OFF,(12),5.0
Kit 3kg Café Especial Dupan Em Grãos Arábica Gourmet,309,285,7% OFF,(2),5.0
"Kit Café Gourmet Moído São Sebastião 2,5kg",236,23,,(38),4.9
Café Em Grãos Arábica Gourmet Torrado Kit 1kg,123,111,10% OFF,(17),4.8
Kit 3 Café Gourmet - Vó Liani - Torrado Em Grãos 500g,139,34,,,
Café Do Jacu 150g Graos Gourmet Exótico  Similar Kopi Luwak,350,136,61% OFF,,
Café Camilo Gourmet Torrado E Moído 500g,37,,,(39),4.7
Café Muchoqueiro Gourmet 100% Arábica Torrado Moído,50,,,(1),4.0
Café Gourmet Chocolate Intenso Moído 500g - Netcafés,78,71,8% OFF,(1),5.0
1kg Cófi Fazenda Luz Da Glória Café Em Grãos 100% Arábica Nf,120,,,(59),4.8
Café Casa Brasil Gourmet 250g 100% Arábica Alta Mogiana,33,31,7% OFF,,
1kg Cafe Em Grao Gourmet 100% Arábica Café São Sebastião,106,,,(202),4.6
Café Anta Brava Gourmet 500g - Moído - 2 Un.,119,29,,(4),4.8
Café Torrado em Grãos Espresso Prima Qualità Gourmet Pacote 500g,75,,,(2),5.0
Cafe Loretto Gourmet Especial Arabica 500gr,58,,,(40),4.7
Café Em Pó Saborizado Amêndoas Torradas 250g 100% Arábica,41,,,(6),3.5
Cafe Em Grãos Arábica Loretto Café Gourmet Cru 1kg Especial,103,,,(1),5.0
Kit 6kg Café Grãos América 4kg Gourmet E 2kg Premium ,599,54,,(24),4.8
Café 3 Corações Gourmet Torrado/moído Mogiana Paulista 250g,34,28,18% OFF,(18),5.0
5kg Café Vo Luiz Gourmet Graos 100% Arábica Frete Gratis,453,43,,,
Café Torrado E Moído Expressiata Gourmet Extra Forte 500g,75,,,(6),5.0
Café Gourmet Torrado E Moído Pó Aroma Canela Capresso 250g,32,16,,,
2kg - Café Vo Luiz Intenso Grao 100% Arábica Frete Gratis,189,,,(1),5.0
Café Arábica Beneficiado Bourbon Amarelo Loretto 86 Pontos,104,,,,
Café Torrado E Moído Grosso Prensa Francesa 500g Dosadora,78,74,5% OFF,,
Kit 5 Café Gourmet Appassionato Médio Em Grão Expresso 1kg,490,441,10% OFF,(81),4.7
Café Moído Latitude 13 Blend Chapada Diamantina 250g,93,,,(7),4.6
500g Café Gourmet Torra Média 100% Arábica Alta Mogiana ,78,57,27% OFF,(37),4.6
Café Delta Q Torrado Grão Prensa Francesa 300ml Moedor Inox,174,160,8% OFF,(1),5.0
Café Gourmet Torrado/moido 100% Árabica Aromas Baggio 250gr,44,42,5% OFF,(204),4.8
Kit 3 Cafés Em Pó Saborizados 250g Caramelo Canela Baunilha,109,,,,
Café Gourmet Vulcânica 500g Arábica 82pt Solos Vulcânicos,74,,,,
Café Torrado E Moído 3 Corações Cerrado Mineiro 250g,33,27,17% OFF,(28),4.3
Café Aviação Gourmet Pouch 500g,95,,,(28),4.2
Kit 6 Kg Café Gourmet Ouro Da Mogiana Em Grão - Frete Grátis,695,640,7% OFF,(10),4.8
4kg Café Vô Luiz Gourmet- Intenso -grão Torrado-100% Arábica,353,34,,(1),5.0
"Café Torrado Em Grãos Loretto Bourbon Amarelo 86,25 Pontos",69,,,(3),4.3
Drip Coffe Gourmet Dark Roast 3 Corações,42,21,,,
30 Sachês 10g Café Drip Coffee Tres Corações Dark Gourmet,92,,,(24),5.0
Café 100% Arábica - Torrado E Moído - 2 Un Anta Brava 500g,119,29,,(12),4.8
Café Torrado Em Grão América Gourmet 500g,78,66,16% OFF,(1),5.0
Café Gourmet Colombiano Torra Escura 500g Grãos Extra Forte,99,91,8% OFF,,
Kit 5 Café Floresta Aromatizado Amêndoas Torradas - 100g,101,25,,(53),4.9
Café Do Jacu Em Pó Café De Reportagem  Pontuação Alta 150g,280,145,48% OFF,,
Café Gourmet 3 Corações Em Grão Torra Média Especial 1kg,159,142,11% OFF,(10),5.0
Café Especial 82 pontos em Grãos Santa Monica 250g,38,,,(94),4.8
 Cafe Moido Gourmet 100% Arábica Kit 5kg Café São Sebastião,379,37,,(21),4.8
Café Torrado em Grãos Espresso Santa Lúcia Pacote 500g,51,,,,
4 Un. Café Gourmet Em Pó Ouro Da Mogiana Torrado Moído 500g,182,,,(5),4.6
Kit 2 Café Tradicional 500g Pó Arábica Moído - Gomes E Bueno,98,78,20% OFF,(2),5.0
Café Vulcânica Gourmet 500g - Notas De Caramelo -seleção 82+,74,,,(8),4.9
Kit 20 Sachês Drip Coffee Café 3 Corações Tradicional 10g,78,,,,
L'or Torrado E Moído Ferrari Ímola Ristretto 250g,39,,,,
Café Arabica Em Pó Gourmet Vô Luiz - 500g,44,,,,
Kit 5kg Cafe Gourmet Em Graos 100% Arábica São Sebastião,514,51,,(60),4.7
Café Especial Torrado em Grãos Clássico Orfeu Pacote 1kg,187,112,39% OFF,(1101),4.8
Café Em Graos Gourmet Torrado Notas Chocolate Suave 1kg Doce,124,,,(25),4.8
Café em Grão Bicafé Gourmet Las Vegas 1 kg,109,98,10% OFF,(2),4.5
Café Em Grão Loretto Bourbon Amarelo - 500g,69,,,(10),4.7
Kit 3kg Café Especial Dupan Em Grãos Arábica Gourmet,309,285,7% OFF,(2),5.0
"Kit Café Gourmet Moído São Sebastião 2,5kg",236,23,,(38),4.9
Café Gourmet Torrado Moído Aroma Creme Brulee Capresso 250g,32,16,,(3),3.7
Café Torrado E Moido Appassionato Torra Media Gourmet 250g,28,26,7% OFF,(3),4.3
Café Gourmet Grassy Caffè - 1 Kg Em Grãos,112,,,(35),4.9
Café Muchoqueiro Gourmet 100% Arábica Torrado Moído,50,,,(1),4.0
Café Expresso Em Grãos Delta Café Gold Gourmet Kit 2kg,238,215,10% OFF,(5),5.0
Café Gourmet Mantissa Em Grãos - 500g,146,110,24% OFF,(1),5.0
Café Torrado Moído 1 Kg 100% Arábica Gourmet Torra Média,119,,,(40),4.8
Café Torrado E Moído Sul De Minas Gourmet  3 Corações Pacote,30,,,(15),4.9
Café Casa Brasil Gourmet 500g 100% Arábica Alta Mogiana,59,,,,
Café Em Grão Loretto Bourbon Amarelo - Kit Com 3 Unidades,184,,,(8),4.4
Café Em Grão Expresso Arábica Torra Média Gourmet Pct 03kgs,368,332,10% OFF,,
1kg Café Em Grãos Gourmet Torrado 100% Arábicasantos Mogiana,177,106,40% OFF,(22),4.7
Café Gourmet Em Grãos Torra Clara 250g Guardião 100% Conilon,78,41,47% OFF,,
Café Gourmet Grassy Caffè 1 Kg Em Grãos,102,,,(11),4.5
Café Gourmet Em Grãos 100% Arábica Intenso - 1kg,111,,,(13),4.5
Kit 5 Kg Café Gourmet Em Grão Ouro Da Mogiana Frete Grátis,578,532,7% OFF,(4),4.8
Café Gourmet Torrado E Moído 250g - Ibriq,39,36,7% OFF,,
Café De Açaí Chafe Torrado E Moído 100% Vegano - 500 Gramas,33,,,(110),4.1
Café Gourmet Ouro Da Mogiana 500g Em Grãos Ou Escolha Moagem,61,,,(10),4.6
Kit 2 Café Em Grãos Torrado 100% Arábica Gourmet Café Bororó,178,35,,(2),5.0
Café Torrado em Grãos Utam Gourmet Pacote 1kg,115,,,(8),4.3
Café Grãos Torrado 4 Kg Blend 100% Arábica Gourmet Artesanal,389,55,,(23),4.9
Café Utam Gourmet Em Grãos 1 Kg,129,119,7% OFF,(1),5.0
Kit 5 Kg Café Gourmet Em Grão Ouro Da Mogiana Frete Grátis,639,588,7% OFF,(1),5.0
Café Torrado Em Grão Gourmet Kit 5kg,583,525,10% OFF,(1),5.0
Café Torrado E Moído Baggio Chocolate Com Avelã 250g,55,,,(1),5.0
Café Orgânico Torrado E Moído Jacu Bird Fazenda Camocim100g,191,,,(19),4.8
Café Gourmet Mogiana Paulista Torrado E Moído União 250g,49,45,8% OFF,,
Café Em Grãos Prima Qualità Pacote 1kg,184,,,(29),4.9
1 Kg Santa Lucia  Do Melhor Café Gourmet,119,,,(4),5.0
1 Pacote De Café Moído Três Corações - Escolha Sabor,41,,,(29),4.9
Café Especial Descafeinado Caturra Torra Média 250g,78,47,39% OFF,(19),4.6
Café Gourmet Em Grãos Torrado Loretto Especial 1kg Kit 2und,124,,,(2),5.0
Café Gourmet Torrado Grãos Mogiana Paulista 1kg Especial,111,,,(15),4.9
4kg Café Vo Luiz Gourmet Graos 100% Arábica Frete Gratis,353,34,,(5),4.8
Kit Café Gourmet Baggio Chocolate Trufado + Caramelo + Menta,152,,,(3),5.0
2kg De Cafe Em Grão Gourmet 100% Arábica - Café Helena,238,23,,(2),5.0
Café Kurubi Oca 1kg Em Grãos,96,,,(8),4.4
Café 100% Arábica Torrado E Moído 500g Duas Irmãs,52,47,8% OFF,(1),5.0
Café Torrado Em Grão Gold Valle Gourmet Clássico,135,,,(2),5.0
1 Kg Café Vo Luiz Gourmet Em Po 100% Arábica Frete Gratis,96,,,(8),4.8
Café Tipo moca torrado moído 250g Vulcânica Cafés Especiais,54,50,8% OFF,,
Café Jacu Bird Moído 250g,407,39,,(1),5.0
Café Espresso Gourmet Torrado Em Grãos São Sebastião 1kg,106,,,(19),4.7
Café Gourmet - Vó Liani - Torrado Em Grãos 500g,58,53,8% OFF,(3),5.0
Café Jacu Bird Torrado Em Grãos Camocim Kit 3 Sachês 100g,499,48,,(1),5.0
Kit 2 Café Tradicional 500g Pó Arábica Moído - Gomes E Bueno,98,78,20% OFF,(2),5.0
Café Vulcânica Gourmet 500g - Notas De Caramelo -seleção 82+,74,,,(8),4.9
Café Jacu Bird Torrado Em Grãos Camocim Kit 3 Sachês 100g,499,48,,(1),5.0
Kit 3kg Café Torrado Em Grãos Café São Sebastião Promoção ,322,31,,(82),4.6
Café Vô Luiz Gourmet Torrado E Moído - 100%arabica 500g,44,,,(6),4.5
Kit 5kg Cafe Gourmet Em Graos 100% Arábica São Sebastião,514,51,,(60),4.7
Café Especial Torrado em Grãos Clássico Orfeu Pacote 1kg,187,112,39% OFF,(1101),4.8
Café Gourmet Torrado E Moído Pó Aroma Caramelo Capresso 250g,32,16,,(3),4.3
5 Quilos De Café Gourmet Torrado Em Grãos 100 % Arábica ,588,56,,(1),5.0
Café Gourmet Kit 5kg Torrado Em Grãos São Sebastião,514,,,(37),4.9
Kit 3kg Café Especial Dupan Em Grãos Arábica Gourmet,309,285,7% OFF,(2),5.0
"Kit Café Gourmet Moído São Sebastião 2,5kg",236,23,,(38),4.9
Café Especial Torrado Em Grãos Carmo De Minas 500g,232,176,24% OFF,(1),5.0
Café Torrado Moído Member's Mark Gourmet Arábica Premium 1kg,155,,,(4),5.0
Café 100% Arábica Gourmet Torrado E Moído Duas Irmãs 500g,53,46,12% OFF,,
Café Muchoqueiro Gourmet 100% Arábica Torrado Moído,50,,,(1),4.0
Café Expresso Em Grãos Delta Café Gold Gourmet Kit 2kg,238,215,10% OFF,(5),5.0
2 Kg Café Gourmet Em Grão Ouro Da Mogiana,274,252,7% OFF,(12),5.0
Melhor Café Gourmet 1 Kg Torrado Em Grãos ,119,,,(6),4.5
Café Em Grão Delta Gold,123,111,10% OFF,(1),5.0
Café Especial Carmo De Minas Moído 500g Ruby,159,32,,(1),5.0
Kit 4 Kg Café Torrado Em Grãos 100% Arábica São Sebastião,429,41,,(55),4.9
Café Artesanal Em Pó 100% Arábica Gourmet Mineiro 250g Puro,24,,,(1),5.0
Café Gourmet Premium Terrazu - 3 Kg Torrado Em Grãos,309,30,,(2),5.0
Kit 3 Kg Café Gourmet Em Grão Ouro Da Mogiana,359,35,,(1),5.0
Café Grãos Torrado 1 Kg Blend 100% Arábica Gourmet Artesanal,117,106,8% OFF,(238),4.8
Café De Qualidade Gourmet- 4 Kgs ,432,397,8% OFF,(4),2.8
Café Moído 500g 100% Arábica Torra Média/escura Alta Mogiana,64,52,18% OFF,,
Café Floresta Moído Aromas Trufas De Chocolate 100g Kit 4un.,95,,,,
Café Gourmet Grãos Torrado Torra Média Clara 500g Mill Grãos,73,,,,
1kg Café Gourmet Torrado Em Grãos 100% Arábica Alta Mogiana,189,108,43% OFF,(15),4.3
Café Gourmet Chocolate Intenso Em Grãos 150g - Netcafés,54,,,(1),5.0
Café Gourmet Moido 500g Loretto Especial Torra Media 2 Und,120,,,(3),4.7
1 Kg Café Vô Luiz Graos 100% Arábica Entrega Rápida Em Rj,99,,,(1),5.0
1 Kg. Café Vô Luiz Em Grão-torrado - 100%arábica/gourmet,99,,,(1),4.0
Café Grãos Torrado 3 Kg Blend 100% Arábica Gourmet Artesanal,297,49,,(42),4.7
Café Gourmet Torrado E Moído Cortez Pacote 250g 100% Arábica,33,16,,,
Café Bento Grão Especial - Café Torrado E Moído - Cx 1 Kg,157,31,,(2),5.0
5kg Café Vô Luiz Gourmet- Intenso -grão Torrado-100% Arábica,453,43,,,
Café Gourmet Arábica Torrado Em Grãos Vó Liani 4 Unidades,184,174,5% OFF,(1),5.0
Café Especial Dupan Em Grãos 1kg Arábica Gourmet,114,,,(6),4.8
Café Gourmet Grassy Caffè - 1 Kg,102,,,(8),3.8
Kit 5 Café Floresta Aromatizado Trufas De Chocolate - 100g,101,25,,(15),4.9
Kit Café Especial/gourmet 100% Arábica Terra Molhada,77,15,,,
Café Gourmet Grassy Caffè - 1 Kg Em Grãos,104,,,(11),4.7
Café Torrado E Moido 500g Especial Gourmet Torra Media 2 Und,120,,,(3),4.7
1 Kg Café Gourmet Em Grão Ouro Da Mogiana,149,,,(36),4.8
1kg Café Vô Luiz Intenso Grãos 100% Arábica Frete Gratis,99,,,(6),4.5
500g Cófi Fazenda Luz Da Glória Café Moído 100% Arábica Nf,55,,,(20),4.8
Kit 5kg Café Em Grãos  Gourmet América ,549,55,,(16),5.0
Kit 5 Café Gourmet Appassionato Médio Em Grão Expresso 1kg,499,449,10% OFF,(80),4.7
Café Torrado E Moido 500g Especial Gourmet Torra Media 2 Und,119,,,(3),4.7
Café Torrado Em Grãos 1kg Gourmet Especial Torra Média,121,,,(3),4.7
Kit 5kg Cafe Gourmet Em Graos 100% Arábica São Sebastião,514,51,,(60),4.7
Kit 2 Café Vó Liani 500g Torrado E Moído + Balança Dosadora,106,26,,(7),4.9
Café Torrado e Moído Gourmet Origem Especial Cerrado Mineiro Café do Centro 250g,34,,,(4),4.8
Cafe Em Pó Unique Organico 250g,59,,,(3),5.0
Café Gourmet Terrazu Premium 500g Torrado Em Grãos Especial,56,,,(5),4.0
Kit 2 Café Tradicional 500g Pó Arábica Moído - Gomes E Bueno,98,78,20% OFF,(2),5.0
Café Vulcânica Gourmet 500g - Notas De Caramelo -seleção 82+,74,,,(8),4.9
Café Em Grãos - 1 Kg Café Gourmet - Espresso,139,,,(1),5.0
Café Prima Qualita Sachê Sistema E.s.e Cx Com 150 Unidades,394,38,,,
Café Em Grãos Appassionato Arábica Gourmet 250gr,28,,,(2),4.5
Kit 5kg Cafe Gourmet Em Graos 100% Arábica São Sebastião,514,51,,(60),4.7
Kit 3kg Café Especial Dupan Em Grãos Arábica Gourmet,309,285,7% OFF,(2),5.0
Cafe Em Grãos Espressione Intenso 500g Gourmet,61,,,(3),4.7
Kit Café Expresso Especial Torra Média 4kg Torrado Grãos,409,39,,(6),5.0
Café Especial 250g Moído E Torrado Avalon Sabor Gourmet,49,24,,(1),5.0
Café Muchoqueiro Gourmet 100% Arábica Torrado Moído,50,,,(1),4.0
Café Expresso Em Grãos Delta Café Gold Gourmet Kit 2kg,238,215,10% OFF,(5),5.0
Café Torrado e Moído Sul de Minas Café do Centro Gourmet Pacote 250g,32,,,(2),5.0
Café Em Grãos - Gourmet 500 Gramas,85,,,,
Kit Com 4kg Café Expresso Torrado Em Grãos Direto Da Fazenda,399,39,,(6),5.0
2 Café Torrado E Moído G3 Coffee 100% Arábica 250g Sul De Mg,45,43,5% OFF,,
Café Tipo moca torrado moído 250g Vulcânica Cafés Especiais,54,50,8% OFF,,
Café Jacu Bird - 100g Em Grãos Cod 1948,208,34,,(38),4.8
Café Torrado e Moído L'OR Torras Ultimo 250g,39,,,(23),4.9
Café Gourmet Grassy - 2 Kg,218,21,,(6),5.0
Café Em Pó Baggio - 5 Pacotes - 1.250g - Café Aromatizado,259,43,,(4),5.0
Café Torrado E Moído G3 Coffee 100% Arábica 250g Sul De Mg,26,,,,
Café Em Pó Saborizado 250g Vanilla & Nozes 100% Arábica,45,22,,(4),5.0
Drip Coffee Prima Qualita Cx Com 10 Sachês,49,,,(6),5.0
"Café Gourmet Em Grãos 1,5 Kg 100% Arábica Reg. Vulcânica 82",217,,,,
1kg Café Torrado Em Grãos 100% Arábica - Fraterno Gourmet,99,19,,,
Café Especial Em Grãos Frutas Amarelas 250g - Netcafés,77,,,,
Café Torrado em Grãos Arábica Gourmet Loretto 1Kg,110,,,(33),4.5
Café Torrado E Moído Baobá Gourmet Torra Média Pacote 500g,109,,,,
Café Em Grãos Torrado 100% Arábica Torra Media Expresso 1kg,107,93,13% OFF,(8),4.9
Café Torrado Grãos Superior 01 Kg 100% Arábica Artesanal,105,,,(25),4.7
Café Jacu Bird Torrado E Moído Camocim Kit 3 Sachês 100g,499,48,,(2),5.0
Café Torrado Grãos 05kg Superior 100% Arábica Artesanal ,510,49,,(20),4.9
Café Torrado Médio Em Graos 100% Arábica Gourmet 1kg Gaggia,141,35,,(6),4.2
Kit 10kg Café Em Grãos  Gourmet América ,1.049,101,,(4),4.5
Café Torrado Em Grãos 3 Corações Sul de Minas e Espírito Santo 500gr,128,,,(13),5.0
Café Torrado Médio Em Graos Gourmet 100% Arábica 1kg Gaggia,141,,,(6),4.7
Café Em Grãos Espresso Cremoso 5kg Suave Fazenda,489,47,,(13),4.9
 05 Kg Café Expresso Em Grãos Gourmet Prima Qualità,799,66,,(16),5.0
Café Moído Gourmet Appassionato Delicato 250g,31,27,10% OFF,(4),4.5
Café Anta Brava Gourmet 500g - Moído ,59,29,,(8),5.0
Café Gourmet Grassy - 1 Kg,109,,,(9),4.7
Café Grãos Torrado 1 Kg Blend 100% Arábica Gourmet Artesanal,99,,,(1),5.0
Café Gourmet Grãos Torrado Torra Escura 500g Mill Grãos,69,63,7% OFF,,
Café João Arcanjo Gourmet Artesanal 1kg Grãos/moído,113,,,(2),5.0
Café Gourmet Lor 250g Torras Delicado Torra Suave,39,,,(2),5.0
4 Un. Café Gourmet Em Pó Ouro Da Mogiana Torrado Moído 500g,294,268,8% OFF,(4),4.5
Café Bourbon Em Grãos 500g Prensa Francesa 600ml Moedor Inox,209,193,8% OFF,,
"10kg Café Torrado Em Grãos Bebida Mole, Peneira 16 Acima",875,805,8% OFF,(1),5.0
Café 100% Arábica Especial Torrado E Moído 500g Duas Irmãs,52,49,5% OFF,(3),3.0
Café Torrado E Moído L'or Ultimo Gourmet Pouch 250g,42,21,,,
Café Torrado Em Grãos Gourmet Legusta Dolce - 1kg,111,,,(7),4.7
Café Nespresso Compatível Termogênico Healthy 40 Café Italle,162,149,8% OFF,,
Café Arábico Torra Média Grão Gourmet 1kg+cafeteira Italiana,199,183,8% OFF,,
Café De Açaí Chafe Torrado E Moído Descafeinado - 1 Kg,53,,,(33),4.3
Café Cru Em Grãos Saco 1 Kg 100% Arábica Alta Mogiana,89,,,(134),4.7
Café Grãos Torrado 5 Kg Blend 100% Arábica Gourmet Artesanal,499,55,,(71),4.8
Drip Coffee Café Moído Prima Qualità,54,,,(5),5.0
Kit 2 Café Tradicional 500g Pó Arábica Moído - Gomes E Bueno,98,78,20% OFF,(2),5.0
Café Vulcânica Gourmet 500g - Notas De Caramelo -seleção 82+,74,,,(8),4.9
Café Gourmet Members Mark  Tm 1kg,160,,,,
Café Vô Luiz Grãos 100% Arábica- Frete Grátis - Sc,99,,,,
Cafe Em Graos Torrado 100% Arabica 5kg 80pts +,489,47,,(22),4.6
Kit 5kg Cafe Gourmet Em Graos 100% Arábica São Sebastião,514,51,,(60),4.7
Café Muchoqueiro Gourmet 100% Arábica Torrado Moído,50,,,(1),4.0
Café Drip Cofree Especial 100g 10 Unidades 100% Arábica,48,36,25% OFF,,
Torrado 10 Quilos De Café Em Grãos Coffe Farm 100 % Arábica ,930,89,,(1),4.0
Café Gourmet Especial Pistache Uncoffee 250g,78,15,,,
2 Café Torrado E Moído G3 Coffee 100% Arábica 250g Sul De Mg,45,43,5% OFF,,
Café Tipo moca torrado moído 250g Vulcânica Cafés Especiais,54,50,8% OFF,,
Café Prima Qualita Sachê Sistema E.s.e Cx Com 200 Unidades,519,50,,(4),4.5
"Café Premium Gourmet Moído, Di Famiglia - Pack(6x250g)1,5kg",147,36,,(4),3.5
Café Especial em Grãos 1kg Torrado 84 pontos 100% Arábica Torra Média Graos Café categoria mais alta que Gourmet Bridge Coffee,159,,,(182),4.7
Kit Com 3kg Café Expresso Em Grãos Sehl,389,38,,(2),5.0
Café Especial Torrado E Moído Carmo De Minas 500g Gold,134,123,8% OFF,(3),5.0
Café Torrado E Moído Evolutto 500g - Embalado A Vácuo,54,27,,(3),5.0
Kit Linha Completa Café Gourmet Pronto Café Torra Artesanal,349,304,13% OFF,,
Café Gourmet Torrado E Moído Pó Aroma Amendoim Capresso 250g,32,16,,(2),5.0
Café Uncoffee 100% Robusta Especial 89 Pts Sca - 500g Grãos ,104,,,(13),4.7
10 Unid Café Gourmet Ouro Da Mogiana Torrado E Moído 500g,519,50,,(1),5.0
2 Pacotes Café Gourmet Em Grão Ouro Da Mogiana 500g,163,150,7% OFF,(2),5.0
Café Em Grãos Torrado 1kg Gourmet Arábica Divino Aroma,143,35,,(2),5.0
Café 100% Arábica Gourmet Torrado E Moído  500g,53,48,10% OFF,,
Café Subasio Gourmet 500 Gramas Em pó Torra Média Clara,115,,,,
Kit 2 Café Tradicional 500g Pó Arábica Moído - Gomes E Bueno,98,78,20% OFF,(2),5.0
11kg Café Gourmet Ouro Da Mogiana Em Grão - Ganhe 1kg Grátis,1.339,1.232,7% OFF,(1),5.0
Kit 2kg Café Graos Gourmet Torrado Promoção Tempo Limitado,219,21,,(83),4.8
Café Vô Luiz  Grãos 100% Arábica | Entrega Rápida Em Sp,99,,,(2),4.0
Café Tradicional 500g Moído - Sabor Encorpado E Suave,71,14,,,
Café Orfeu Especial Sensoriais De Chocolate E Castanha 250g,50,46,8% OFF,(1),5.0
1 Kg Café Vô Luiz Grao 100% Arábica Entrega Rápida No Pr,99,,,,
Café Especial 1kg Grãos Mega Promo Para Experimentar,119,,,(3),3.7
Café Floresta Moído Aromas Baunilha E Nozes 100g Kit Com 4,95,,,(2),5.0
Kit 5 Café Floresta Aromatizado Baunilha Com Nozes - 100g,101,25,,(10),4.3
Kit Com 4 Aromatizados Cafés Florestas De 100 Gramas (cada)!,110,89,19% OFF,(37),4.9
Café Torrado Em Grãos Gourmet 500g E Cápsulas Vó Liani 10und,94,87,7% OFF,,
"Café Gourmet Cgp Gold Torrado E Moído - 250g - Piatã, Ba",37,,,(3),5.0
Café Em Grãos 3 Corações Espresso Gourmet Kit 3 Unid De 1kg,406,39,,,
Kit Café Em Grãos Espressione Gourmet,189,,,(3),5.0
Café Expresso Em Grãos Delta Café Gourmet Platinum Kit 1kg,138,125,10% OFF,(2),4.5
Kit Café Gourmet Baggio Chocolate Avelã + Caramelo + Menta,152,,,(3),5.0
2 Café Artesanal Cascata 500 Gramas Gourmet Torra Média,109,,,(1),5.0
Artesanal Café 500 Gramas Gourmet Cascata Torra Forte,58,,,,
Cafe Especial Moido Arabica Premium Loretto 500g Kit 6 Und ,337,33,,(1),5.0
"Cafés Especiais Sul De Minas Kit 1,5kg - Grãos Ou Moído",267,26,,(10),4.7
Café Gourmet Especial Pistache Uncoffee Torrado 250g,78,15,,(2),5.0
20 Sachês Café Drip Coffee 3 Corações Dark Gourmet 100% Arab,58,,,(9),4.4
Café Serra Gerais - Gourmet 500g - Moido,65,,,(7),5.0
Café Torrado E Moído Gourmet Regiões Brasileiras Cerrado Pacote 250g Melitta,16,,,(81),4.8
Kit 3 Café Gourmet Floresta Aroma Baunilha E Nozes!!,70,14,,(11),4.8
Kit 3 Café Em Grãos Torrado 100% Arábica Gourmet Café Bororó,269,44,,(2),5.0
Café Gourmet 500g Torra Média 100% Arábica - Vulcânica,78,15,,(3),3.7
Café Gourmet Terrazu 3 Kg Torrado Em Grãos 100% Arábica,309,30,,(3),5.0
Café Torrado Grãos Espresso Gourmet 10kg Direto Da Fazenda,989,95,,(1),5.0
Kit Café Gourmet Baggio Chocola Avelã+trufado+caramelo+menta,195,,,(6),5.0
2 Cafés Torrados Em Grãos 100% Arábica Gourmet Especial ,124,31,,(3),4.0
Kit 2 Café Tradicional 500g Pó Arábica Moído - Gomes E Bueno,98,78,20% OFF,(2),5.0
Café Vulcânica Gourmet 500g - Notas De Caramelo -seleção 82+,74,,,(8),4.9
Café Prima Qualita Mister Superior Gourmet Torrado E Moído,61,,,(3),5.0
Café café torrado e moído Baggio Cafe Torrado em sachê 0.75 kg pacote x 3,152,,,(1),5.0
Café Sachê Prima Qualita Sachê Gourmet E.s.e Com 20 Unidades,69,,,(5),4.8
Kit 5kg Cafe Gourmet Em Graos 100% Arábica São Sebastião,514,51,,(60),4.7
Café Muchoqueiro Gourmet 100% Arábica Torrado Moído,50,,,(1),4.0
Kit Café Torrado Em Grãos Gourmet 4kg Promo Tempo Limitado,399,39,,(3),5.0
6 Kgs Café Gourmet Torrado Em Grãos Melhor Café ,650,62,,,
Café Gourmet Torrado E Moído 250g - Cafeteira Italiana,39,36,7% OFF,(2),4.0
2 Café Torrado E Moído G3 Coffee 100% Arábica 250g Sul De Mg,45,43,5% OFF,,
Café Tipo moca torrado moído 250g Vulcânica Cafés Especiais,54,50,8% OFF,,
Cafe Em Graos Verde Beneficiado Bourbon Amarelo Loretto 1kg,102,,,,
Café Vulcânica 100% Arábica Especial Caramelo Chocolate 1kg,152,,,,
Café Torrado em Grãos Espresso Pilão Pouch 1kg,174,,,(225),4.8
Kit Com 3kg Café Expresso Em Grãos Sehl,389,38,,(2),5.0
Café Especial Torrado E Moído Carmo De Minas 500g Gold,134,123,8% OFF,(3),5.0
Café Em Grãos 100% Arábica Expresso Torrado 1kg Pontões,106,100,5% OFF,,
Artesanatto - Café Torrado E Moído 1kg Direto Produtor,109,,,(32),4.7
Café Especial Orfeu Varietais Japy Chocolate Castanha Avelã,52,48,7% OFF,,
Café Expresso Em Grãos Delta Café Arábica Gourmet 1kg,123,111,10% OFF,(5),5.0
Café Torrado Arábica Moído 500g Só Café Especial Catuai,629,60,,(4),4.0
Café Rigno Gourmet Equilibrado Torrado E Moído 250g,39,20,,(2),5.0
Café Floresta Aromatizado Baunilha Com Nozes - 100g,24,,,(8),5.0
"Café Gourmet Cgp - Torrado Em Grãos - 500g - Piatã, Ba",68,,,,
Kit 2 Cafés Rigno Gourmet Equilibrado Torrado E Moído 500g,119,110,8% OFF,,
Café Em Grãos 100% Arábica Expresso Torrado 1kg Pontões,114,108,5% OFF,,
Café Mucugê Gourmet Premium 250g,25,,,,
Café Gourmet Torrado E Moído Sul Minas 100% Arábica 250g,23,22,5% OFF,(2),5.0
Café Tinoco Torrado Grãos Expresso Gourmet 100% Arábica 1kg,92,,,,
Café Gourmet Pai E Filhos 500g 84pts - Serra Da Canastra,59,55,7% OFF,(1),5.0
Café Cortez - Gourmet - Espresso - 1kg,116,29,,(2),5.0
Café Especial/gourmet Torrado Pó 500g - Psycoffe Dark Tree,62,,,,
Gold Valle Café Especial Alta Seleção 100% Arábica Torra Méd,124,107,13% OFF,(2),5.0
Kit 2 Cafés Em Pó Gourmet Frutas Vermelhas 500g - Arara,110,27,,(1),5.0
Café Little Bean Caramelo 250g,45,22,,,
Kit 3 Kg Café Terrazza Grãos Cooxupé - Pc 1 Kg,369,36,,,
1kg De Café Moka Estritamente Mole,78,71,8% OFF,(85),4.7
Café Artezanalle Em Sachê  E.s.e. Com Torra Media ,35,,,,
"4kg De Café Torrado  Grãos Bebida Mole, Gourmet",342,33,,(31),4.7
Café Morro Grande Gourmet Torra Clara 500g- Moído,56,,,,
Kit 3kg Café Em Grãos - Serra Gerais Gourmet,267,26,,(1),5.0
Kit Com 3kg Café Expresso Em Grãos Sehl,389,38,,(2),5.0
Café Torrado Moído Member's Mark Gourmet Arábica Premium 1kg,158,,,,
Café Gourmet Don Carlos 250g,35,17,,,
Café Gourmet Especial Sul De Minas 100% Arábica(torra Clara),50,,,,
Café Gourmet Arábica Moído Com Favas De Baunilha (250gr),55,,,,
Café Moído Santa María Especial 500g Torrado,65,13,,(1),5.0
Café 100% Arábica Em Grãos Cru Gourmet 7kg - Café Pontões,479,455,5% OFF,,
Cafe Gourmet Torra Media Moido Puro Coffee Torrado 500g,55,,,,
Kit Café Torrado E Moído Gourmet 4x250g - Chapada Diamantina,154,145,5% OFF,,
Café Em Pó Baggio- 4 Pacotes - 1.000g - Café Aromatizado,215,35,,(11),5.0
Café Muchoqueiro Gourmet 100% Arábica Torrado Moído,50,,,(1),4.0
Café Gourmet 100% Arábica Torrado E Moído - Kit 3x250g,83,,,,
Café Gourmet Torrado Em Grãos 100% Arábica Sucafé 1kg,112,103,8% OFF,,
Café 100% Arábica Em Grãos Cru Gourmet 5kg - Café Pontões,319,303,5% OFF,(4),5.0
"Café Expresso 100% Arábica, Torrado E Moido A Lenha",78,,,,
Café Gourmet Piatã Gold Torrado E Moído 100% Arábica 250g,45,,,(8),4.8
Kit 2 Café Tradicional 500g Pó Arábica Moído - Gomes E Bueno,98,78,20% OFF,(2),5.0
Café Vulcânica Gourmet 500g - Notas De Caramelo -seleção 82+,74,,,(8),4.9
Café Gourmet Torrado Em Grão 1kg - Barra Da Estiva,108,,,(3),5.0
Kit 3 Café Especial Gourmet 100% Arábica 500g Torra Média,155,31,,,
Café Torrado E Moído Descafeinado 100% Arabica Member's 500g,149,,,,
Kit 5kg Cafe Gourmet Em Graos 100% Arábica São Sebastião,514,51,,(60),4.7
Café Muchoqueiro Gourmet 100% Arábica Torrado Moído,50,,,(1),4.0
Café moído BEECOFFEE Torrado e Moído Arábica em laminado 1 kg,78,74,5% OFF,(3),5.0
Kit Drip Coffee Yeager,92,69,25% OFF,(1),5.0
Café Torrado Em Grãos Magnus 1kg,139,,,,
2 Café Torrado E Moído G3 Coffee 100% Arábica 250g Sul De Mg,45,43,5% OFF,,
Café Tipo moca torrado moído 250g Vulcânica Cafés Especiais,54,50,8% OFF,,
Café Simões Gourmet Tipo Exportação 100% Arábica Torra Media,88,17,,(2),4.5
4kg De Cafe Moka,353,324,8% OFF,(35),4.8
Café Gourmet 100% Arábica Torrado E Moído 250g,30,,,,
Kit Com 3kg Café Expresso Em Grãos Sehl,389,38,,(2),5.0
Café Especial Torrado E Moído Carmo De Minas 500g Gold,134,123,8% OFF,(3),5.0
"Café Em Pó Baggio, 3 Pacotes, 750g, Café Gourmet Arábica.",149,137,8% OFF,(7),4.9
5kg Café Prima Qualita Torrado E Moído Mister Gourmet Kit 10,599,57,,(3),4.7
Café 100% Arábica Em Grãos Cru Gourmet 2kg - Café Pontões,135,128,5% OFF,(4),5.0
Café Em Pó Gourmet Ilag 100% Arábico,42,21,,,
Café Em Grãos Gourmet Frutas Vermelhas Torrado 500g - Arara,58,,,,
Café Gourmet Torrado Em Grãos Artesanal 250g 100% Arábica,40,,,,
Café Torrado Em Grão Antônio De Pádua- Gourmet Especial 500g,65,,,(1),5.0
Kit 10kg Café Creme Gourmet Torrado Em Grãos Pacotes De 1kg,1.200,100,,(3),5.0
Café Gourmet Especial 2 Pacotes -500g- Torrado Em Grãos,56,28,,,
Cafe Gourmet Espresso 100% Especial 1kg Notas De Chocolate,187,,,(9),4.3
Kit Com 5kg De Café Creme Gourmet Torrado Em Grãos,600,50,,(45),4.9
 Café Orgânico Gourmet Torrado  Moído 500g Intenso Promoção,64,,,(3),5.0
 Café Gourmet Orgânico 100% Arábica 500g Torrado E Moído,67,,,(4),5.0
Café Em Grãos 100% Arábica Gourmet Orgânico Espresso 1kg,136,,,(6),5.0
Bacon Gourmet Artesanal Sabor Diferenciado 3kg ,159,31,,,
Linguiça Gourmet De Porco Defumada Pura De Pernil 2kg,134,,,(3),3.7
Linguiça Gourmet De Porco Defumada Pura De Pernil 1kg,75,15,,(2),5.0
Bacon Gourmet Artesanal Sabor Diferenciado 1kg ,52,,,(12),4.3
Bacon Gourmet Artesanal Sabor Diferenciado 1kg ,59,29,,(5),5.0
Café Em Grãos 100% Arábica Gourmet Orgânico Espresso 2kg,259,25,,,
Café Em Grãos 100% Arábica Gourmet Orgânico Espresso 3kg,389,38,,(3),4.7
 Café Torrado Em Grãos Orgânico Gourmet 100% Arábica 500g ,67,,,(6),5.0
Café Em Grão Verde 100% Arábica Orgânico Para Torrar 1kg,112,,,(28),4.6
Café Gourmet Viakuru 500g Café Kurubi Escolha Moagem,51,,,(21),4.5
Café Especial Lavrarte  86pt Sca - 500g Grãos - Dark Toffee,73,67,8% OFF,,
Café Região Vulcânica - Bourbon Vermelho Fazenda Jangada 1kg,199,,,(2),5.0
Kit 2 Café Gourmet - Vó Liani - Torrado Em Grãos 500g,108,102,5% OFF,,
Café Em Pó Torrado E Moído A Vácuo 500g Envio Imediato,39,,,,
Café Em Grãos Mantissa Fazenda Especial 82 Pontos 500g,146,36,,(1),5.0
Café Gourmet 5kg Em Grao Torrado Expresso 100% Arábica,489,47,,(4),5.0
Kit 2kg Café Gourmet Em Grãos - 100% Arábica,190,,,(1),5.0
Café Gourmet Torrado Em Grãos Espresso Vó Liani 500g,64,58,8% OFF,(2),5.0
Café Verde Cru Especial Bourbon Amarelo Para Cafeteria 1kg,109,,,(1),5.0
Café Torrado Em Grãos Gourmet Vó Liani 500g Balança Dosadora,79,72,8% OFF,,
Café Em Grãos - 1 Kg Café Gourmet - Espresso,149,,,,
Café Gourmet Grãos Ou Moído Torra Média Dimoá 500g,59,,,(2),5.0
Café Em Grao Gourmet Torrado Expresso Arabica 500g Suave,64,50,21% OFF,,
Café Gourmet Aviação 100% Arábica Moído 500g - Especial,62,,,(2),5.0
" Café Torrado Em Grãos Bebida Mole, Gourmet 1kg",78,71,8% OFF,(124),4.7
Café De Açaí Chafe Torrado E Moído Descafeinado - 500 Gramas,33,,,(32),4.0
Kit Com 3 Cafés Em Pó Saborizados 250g Escolha Seu Sabor,129,32,,(10),4.5
